Date,Open,High,Low,Close,Adj Close,Volume,Month,Year,Percent Change,Trend,Rolling Mean,Bollinger High,Bollinger Low
2020-01-09,497.100006,498.799988,472.869995,481.339996,481.339996,28440400,1,2020,0.0,Slight or No Change,,,
2020-01-08,473.700012,498.48999,468.2300110000001,492.14001500000006,492.14001500000006,31144300,1,2020,2.24374020229976,Positive,,,
2020-01-07,461.39999400000005,471.630005,453.359985,469.05999800000006,469.05999800000006,17882100,1,2020,-4.689725748067851,Among Top Losers,,,
2020-01-06,440.470001,451.55999800000006,440.0,451.540009,451.540009,10133000,1,2020,-3.735127504946623,Among Top Losers,,,
2020-01-03,440.5,454.0,436.920013,443.01001,443.01001,17778500,1,2020,-1.8890904083762041,Negative,,,
2020-01-02,424.5,430.700012,421.709991,430.26001,430.26001,9532100,1,2020,-2.8780388054888477,Negative,,,
2019-12-31,405.0,421.290009,402.079987,418.329987,418.329987,10285700,12,2019,-2.7727473441001242,Negative,,,
2019-12-30,428.790009,429.0,409.26001,414.700012,414.700012,12586400,12,2019,-0.8677300487186956,Slight Negative,,,
2019-12-27,435.0,435.30999800000006,426.109985,430.380005,430.380005,9945700,12,2019,3.781044742289508,Among Top Gainers,,,
2019-12-26,427.910004,433.4800110000001,426.350006,430.940002,430.940002,10633900,12,2019,0.13011687194899313,Slight or No Change,,,
2019-12-24,418.359985,425.470001,412.690002,425.25,425.25,8054700,12,2019,-1.320369882951811,Negative,,,
2019-12-23,411.779999,422.01001,410.0,419.220001,419.220001,13319600,12,2019,-1.4179891828336344,Negative,,,
2019-12-20,410.290009,413.0,400.190002,405.589996,405.589996,14752700,12,2019,-3.2512773645072324,Among Top Losers,,,
2019-12-19,397.320007,406.850006,396.5,404.040009,404.040009,18107100,12,2019,-0.3821561220163749,Slight or No Change,436.8428607142858,491.7006090682277,381.98511236034386
2019-12-18,380.630005,395.220001,380.579987,393.149994,393.149994,14121000,12,2019,-2.6952813477439608,Negative,430.54357485714297,483.61536461910026,377.4717850951857
2019-12-17,378.98999,385.5,375.899994,378.98999,378.98999,8496800,12,2019,-3.601679820959125,Among Top Losers,422.4614302142858,469.2116803253524,375.71118010321925
2019-12-16,362.549988,383.609985,362.5,381.5,381.5,18174200,12,2019,0.6622892599353447,Slight Positive,416.20714464285726,459.395252482856,373.0190368028585
2019-12-13,361.049988,365.209991,354.640015,358.390015,358.390015,6570900,12,2019,-6.057663171690698,Among Top Losers,409.55357364285726,457.7089957956773,361.3981514900372
2019-12-12,354.920013,362.73999,353.230011,359.679993,359.679993,7763900,12,2019,0.3599369251400697,Slight or No Change,403.60142957142864,454.4666174994271,352.73624164343016
2019-12-11,351.880005,357.190002,351.089996,352.700012,352.700012,6897800,12,2019,-1.9406086342978799,Negative,398.0614297142858,453.13958645419285,342.98327297437874
2019-12-10,339.959991,350.730011,339.309998,348.839996,348.839996,8828300,12,2019,-1.0944190157838762,Negative,393.0978589285715,452.65062162437096,333.54509623277204
2019-12-09,336.589996,344.450012,335.079987,339.5299990000001,339.5299990000001,9023100,12,2019,-2.668844486513511,Negative,387.7285722857144,452.2397061453787,323.2174384260501
2019-12-06,335.0,338.859985,334.769989,335.890015,335.890015,7612400,12,2019,-1.0720655054695216,Negative,380.97928728571435,446.03744401495123,315.92113055647746
2019-12-05,332.829987,334.420013,327.25,330.369995,330.369995,3724600,12,2019,-1.6434010400696142,Negative,373.7957153571429,437.2806809474947,310.3107497667911
2019-12-04,337.75,337.859985,332.850006,333.0299990000001,333.0299990000001,5533000,12,2019,0.8051590762653937,Slight Positive,367.20857242857153,426.70761360137425,307.7095312557688
2019-12-03,332.619995,337.910004,332.190002,336.200012,336.200012,6573700,12,2019,0.9518701046508315,Slight Positive,361.2785732142858,414.68406219994336,307.8730842286283
2019-12-02,329.399994,336.380005,328.690002,334.869995,334.869995,6074500,12,2019,-0.3956029008113204,Slight or No Change,356.2271445714287,404.7313841963468,307.7229049465106
2019-11-29,331.109985,331.26001,327.5,329.940002,329.940002,2465600,11,2019,-1.4722110292383794,Negative,350.93428692857157,392.66194671471794,309.2066271424252
2019-11-27,331.119995,333.929993,328.570007,331.290009,331.290009,5555600,11,2019,0.4091674218999364,Slight or No Change,346.5157165714287,381.5510447077858,311.4803884350716
2019-11-26,335.269989,335.5,327.100006,328.920013,328.920013,7947400,11,2019,-0.7153840851264581,Slight Negative,342.93928964285726,373.65009927913707,312.22848000657746
2019-11-25,344.320007,344.570007,334.459991,336.339996,336.339996,12339500,11,2019,2.25586243060254,Positive,339.7135750714287,361.0258969177584,318.40125322509897
2019-11-22,340.160004,341.0,330.0,333.040009,333.040009,16870600,11,2019,-0.98114617329067,Slight Negative,337.90286035714297,356.51653936271276,319.2891813515732
2019-11-21,354.51001,360.839996,354.0,354.829987,354.829987,6110000,11,2019,6.5427508440885305,Among Top Gainers,337.556431357143,354.5326892342527,320.58017348003335
2019-11-20,360.0,361.200012,349.570007,352.220001,352.220001,6725100,11,2019,-0.7355595906836543,Slight Negative,337.52214485714296,354.3680903587943,320.67619935549163
2019-11-19,351.75,359.98999,347.799988,359.519989,359.519989,7724800,11,2019,2.072564868342064,Positive,338.2850015000002,358.0526378190003,318.51736518100006
2019-11-18,352.920013,353.149994,346.100006,349.98999,349.98999,4400400,11,2019,-2.650756367262808,Negative,339.03214371428584,359.7693999270045,318.2948875015672
2019-11-15,350.640015,352.799988,348.359985,352.170013,352.170013,4809000,11,2019,0.6228815286974276,Slight Positive,340.19500071428587,361.9729653107157,318.417036117856
2019-11-14,346.109985,353.839996,342.910004,349.350006,349.350006,6464900,11,2019,-0.8007515960763989,Slight Negative,341.55071578571443,363.05535613581293,320.04607543561593
2019-11-13,355.0,356.329987,345.179993,346.109985,346.109985,8420100,11,2019,-0.9274426633328892,Slight Negative,342.4850005000001,363.5265341465847,321.44346685341554
2019-11-12,346.899994,350.369995,344.040009,349.929993,349.929993,7359400,11,2019,1.1036977162042882,Positive,343.4657134285715,364.52523794767853,322.4061889094645
2019-11-11,343.950012,349.190002,342.0,345.089996,345.089996,9986700,11,2019,-1.3831329399649483,Negative,344.19571350000007,364.6721760044607,323.7192509955394
2019-11-08,334.5,337.459991,332.5,337.140015,337.140015,6069200,11,2019,-2.303741369541168,Negative,344.71000014285715,363.96962414830335,325.45037613741096
2019-11-07,329.140015,341.5,328.019989,335.540009,335.540009,14467300,11,2019,-0.4745820516143695,Slight or No Change,345.0135715714286,363.479632135156,326.5475110077012
2019-11-06,318.0,326.720001,314.5,326.579987,326.579987,7940900,11,2019,-2.670328950250456,Negative,344.8464268571429,363.9706226962313,325.72223101805446
2019-11-05,319.619995,323.51001,316.119995,317.220001,317.220001,6943400,11,2019,-2.8660623346770002,Negative,343.48071292857145,367.3610937548449,319.600332102298
2019-11-04,314.799988,321.940002,309.26001,317.470001,317.470001,8787000,11,2019,0.0788096586633591,Slight or No Change,342.3685695,369.56369726924197,315.173441730758
2019-11-01,316.320007,316.480011,309.799988,313.309998,313.309998,6383900,11,2019,-1.3103609748626122,Negative,339.402856,369.630687935113,309.175024064887
2019-10-31,313.100006,319.0,313.0,314.920013,314.920013,5067000,10,2019,0.5138728448748521,Slight Positive,336.7385711428571,368.62948390003015,304.84765838568404
2019-10-30,313.0,318.790009,309.970001,315.01001,315.01001,9641800,10,2019,0.028577732848011905,Slight or No Change,333.5592869285714,364.5281349224582,302.5904389346846
2019-10-29,319.98999,324.299988,314.75,316.220001,316.220001,12684300,10,2019,0.38411192076084333,Slight or No Change,331.1471448571428,361.8627176881514,300.4315720261342
2019-10-28,327.540009,340.839996,322.600006,327.709991,327.709991,18870300,10,2019,3.6335430914125055,Among Top Gainers,329.40000042857133,357.64790680229646,301.1520940548462
2019-10-25,297.720001,330.0,296.109985,328.130005,328.130005,30006100,10,2019,0.12816637012449394,Slight or No Change,327.8842860714285,353.6928440023235,302.0757281405335
2019-10-24,298.369995,304.929993,289.200012,299.679993,299.679993,29720900,10,2019,-8.670347595917036,Bear Drop,324.5678580714285,352.1587691933664,296.9769469494905
2019-10-23,254.5,256.140015,251.350006,254.679993,254.679993,5261100,10,2019,-15.016017435638418,Bear Drop,317.76428664285703,360.9708578713044,274.55771541440964
2019-10-22,254.320007,258.329987,250.850006,255.580002,255.580002,4600800,10,2019,0.3533881831071062,Slight or No Change,311.3707156428571,362.85642001903295,259.8850112666812
2019-10-21,258.329987,259.5,250.179993,253.5,253.5,5020300,10,2019,-0.8138359745376356,Slight Negative,305.3964288571428,363.0433680844442,247.74948962984138
2019-10-18,260.700012,262.799988,255.100006,256.950012,256.950012,5749800,10,2019,1.3609514792899402,Positive,299.78285764285704,360.0324680341279,239.5332472515862
2019-10-17,262.5,264.77999900000003,260.170013,261.970001,261.970001,4769300,10,2019,1.9536831156092616,Positive,295.167858642857,356.46436754057123,233.87134974514282
2019-10-16,257.390015,262.100006,256.920013,259.75,259.75,6684100,10,2019,-0.8474256561918247,Slight Negative,291.0628585714284,353.68090679298354,228.4448103498733
2019-10-15,257.700012,260.0,254.119995,257.890015,257.890015,6432800,10,2019,-0.7160673724735278,Slight Negative,286.80714528571417,349.7915387650979,223.8227518063304
2019-10-14,247.899994,258.549988,247.130005,256.959991,256.959991,10205000,10,2019,-0.3606281538275136,Slight or No Change,282.7821447857142,345.67277642753675,219.89151314389164
2019-10-11,247.149994,251.080002,246.809998,247.889999,247.889999,8475400,10,2019,-3.5297292643507228,Among Top Losers,277.994286642857,340.5505790714211,215.43799421429287
2019-10-10,245.27999900000003,249.27999900000003,241.580002,244.740005,244.740005,6283300,10,2019,-1.2707225030083036,Negative,272.97500057142844,333.9949716084593,211.95502953439754
2019-10-09,241.320007,247.300003,240.649994,244.52999900000003,244.52999900000003,6894400,10,2019,-0.0858077942753721,Slight or No Change,267.85428614285695,325.16062580322557,210.54794648248836
2019-10-08,235.869995,243.940002,234.5,240.050003,240.050003,8678200,10,2019,-1.8320844143135395,Negative,261.5928584285712,309.0336714841658,214.15204537297663
2019-10-07,229.800003,238.559998,228.550003,237.720001,237.720001,8064200,10,2019,-0.9706319395463624,Slight Negative,255.13500099999982,284.8692932874225,225.4007087125771
2019-10-04,231.610001,234.77999900000003,228.070007,231.429993,231.429993,7995000,10,2019,-2.64597340296997,Negative,250.26000099999982,268.81029678831226,231.7097052116874
2019-10-03,231.860001,234.479996,224.27999900000003,233.02999900000003,233.02999900000003,15084500,10,2019,0.6913563705634339,Slight Positive,248.71357285714265,269.18663410346386,228.24051161082144
2019-10-02,243.289993,244.649994,239.429993,243.130005,243.130005,5631400,10,2019,4.334208489611656,Among Top Gainers,247.82428735714262,268.0931118353715,227.5554628789138
2019-10-01,241.5,245.949997,239.130005,244.690002,244.690002,6162600,10,2019,0.6416308015952277,Slight Positive,247.19500178571406,267.2506787084137,227.1393248630144
2019-09-30,243.0,243.979996,236.110001,240.869995,240.869995,5879800,9,2019,-1.5611618655346549,Negative,246.0464291428569,265.52915911761767,226.56369916809615
2019-09-27,242.199997,248.710007,238.729996,242.130005,242.130005,11116400,9,2019,0.5231079113859671,Slight Positive,244.62928657142834,261.88114603022086,227.37742711263581
2019-09-26,230.660004,243.309998,227.399994,242.559998,242.559998,11884500,9,2019,0.17758765585456082,Slight or No Change,243.40142928571407,258.30445674748,228.49840182394811
2019-09-25,224.559998,228.979996,218.360001,228.699997,228.699997,9427100,9,2019,-5.714050591309771,Among Top Losers,241.3164279999998,255.64421176389658,226.98864423610303
2019-09-24,241.520004,241.990005,222.610001,223.210007,223.210007,12891500,9,2019,-2.400520363802205,Negative,238.90571485714264,253.252383167729,224.5590465465563
2019-09-23,240.0,245.179993,239.220001,241.229996,241.229996,4340200,9,2019,8.073109822535883,Bull Run,238.43000035714266,251.90880490376608,224.95119581051924
2019-09-20,246.490005,246.949997,238.160004,240.619995,240.619995,6353000,9,2019,-0.2528711230422531,Slight or No Change,238.13571392857122,251.19441587765814,225.0770119794843
2019-09-19,246.0,247.940002,244.839996,246.600006,246.600006,4795800,9,2019,2.4852510698456287,Positive,238.28357157142838,251.69622697620957,224.8709161666472
2019-09-18,245.0,248.169998,242.369995,243.490005,243.490005,4170200,9,2019,-1.2611520374415708,Negative,238.52928599999981,252.2048027777775,224.85376922222213
2019-09-17,242.470001,245.600006,240.369995,244.789993,244.789993,3865400,9,2019,0.5338978903877578,Slight Positive,239.03428542857122,253.0977173897444,224.97085346739806
2019-09-16,246.0,247.429993,241.169998,242.809998,242.809998,4728100,9,2019,-0.8088545515012147,Slight Negative,239.84714292857123,253.32037342326024,226.37391243388223
2019-09-13,246.960007,248.449997,244.869995,245.199997,245.199997,5313100,9,2019,0.9843083150142816,Slight Positive,240.71642849999984,253.86137425675656,227.5714827432431
2019-09-12,247.699997,253.5,244.399994,245.869995,245.869995,8581200,9,2019,0.2732455172093529,Slight or No Change,240.9121420714284,254.2913893711861,227.5328947716707
2019-09-11,237.380005,248.169998,236.0,247.100006,247.100006,10042800,9,2019,0.5002688514310183,Slight Positive,241.08428521428556,254.73223697041132,227.4363334581598
2019-09-10,230.800003,235.539993,228.940002,235.539993,235.539993,4883700,9,2019,-4.678273055161321,Among Top Losers,240.70357078571413,254.67090030738694,226.73624126404133
2019-09-09,230.0,233.75999500000003,229.229996,231.789993,231.789993,4802700,9,2019,-1.5920863171631328,Negative,239.96499849999984,254.68087964897381,225.24911735102586
2019-09-06,227.199997,229.639999,225.169998,227.449997,227.449997,4189400,9,2019,-1.87238281680262,Negative,238.88571271428555,254.93749425268314,222.83393117588795
2019-09-05,222.5,229.800003,220.850006,229.580002,229.580002,7395300,9,2019,0.936471764385205,Slight Positive,238.94857021428555,254.83456914590283,223.06257128266827
2019-09-04,226.889999,228.460007,219.210007,220.679993,220.679993,5761000,9,2019,-3.876648193425825,Among Top Losers,238.76785492857127,255.46209581357527,222.07361404356726
2019-09-03,224.080002,228.949997,223.160004,225.00999500000003,225.00999500000003,5354100,9,2019,1.962118061151119,Positive,237.60928342857125,255.75562865187896,219.46293820526353
2019-08-30,229.149994,232.440002,224.210007,225.610001,225.610001,9320600,8,2019,0.2666574878151362,Slight or No Change,236.53714099999982,255.6643872881579,217.40989471184173
2019-08-29,219.0,223.399994,218.0,221.710007,221.710007,5179500,8,2019,-1.7286441127226435,Negative,234.75928392857125,254.47534008952613,215.04322776761637
2019-08-28,213.690002,217.25,212.309998,215.589996,215.589996,3225500,8,2019,-2.7603675101593454,Negative,232.76642614285697,254.24260033563664,211.2902519500773
2019-08-27,215.740005,218.800003,212.02999900000003,214.080002,214.080002,5416200,8,2019,-0.7004007736982287,Slight Negative,230.5728553571427,253.01071098316982,208.1349997311156
2019-08-26,213.600006,215.020004,211.539993,215.0,215.0,5051900,8,2019,0.4297449511421414,Slight or No Change,228.58642692857126,251.28010635932606,205.89274749781646
2019-08-23,219.970001,221.169998,211.0,211.399994,211.399994,8538600,8,2019,-1.6744213953488465,Negative,226.1721409999998,248.439881892673,203.90440010732664
2019-08-22,222.800003,225.399994,218.220001,222.149994,222.149994,6559000,8,2019,5.085146785765748,Among Top Gainers,224.4778552142855,243.68925950571423,205.2664509228568
2019-08-21,222.00999500000003,223.220001,217.600006,220.830002,220.830002,7794300,8,2019,-0.5941895276395881,Slight Negative,222.60142635714266,236.76264112008286,208.44021159420245
2019-08-20,227.619995,229.089996,224.539993,225.860001,225.860001,4125200,8,2019,2.277769757027848,Positive,221.90999835714268,234.16716324453955,209.65283346974581
2019-08-19,224.210007,227.830002,221.699997,226.830002,226.830002,5309600,8,2019,0.4294700237781557,Slight or No Change,221.55571328571412,232.83003655637359,210.28139001505465
2019-08-16,216.660004,222.240005,216.020004,219.940002,219.940002,5098500,8,2019,-3.0375170564959086,Among Top Losers,221.01928507142838,231.78887268133147,210.2496974615253
2019-08-15,220.860001,221.559998,211.550003,215.639999,215.639999,8159600,8,2019,-1.9550800040458167,Negative,220.02357057142837,229.92646272665982,210.1206784161969
2019-08-14,231.210007,231.5,216.690002,219.619995,219.619995,9562600,8,2019,1.8456668607200302,Positive,219.9478564285712,229.8453365021298,210.05037635501262
2019-08-13,228.809998,236.0,227.550003,235.0,235.0,4848100,8,2019,7.003007626878398,Bull Run,220.6614282142855,233.2151105651706,208.10774586340042
2019-08-12,232.990005,235.770004,228.75,229.00999500000003,229.00999500000003,4663900,8,2019,-2.5489382978723274,Negative,220.90428492857123,233.9906023894343,207.81796746770817
2019-08-09,236.050003,238.960007,233.809998,235.00999500000003,235.00999500000003,3898200,8,2019,2.619972984148577,Positive,221.85428407142834,236.96673366764279,206.7418344752139
2019-08-08,234.449997,239.800003,232.649994,238.300003,238.300003,5274300,8,2019,1.399943861962094,Positive,223.47642742857118,240.45275855919505,206.50009629794732
2019-08-07,226.5,233.570007,225.800003,233.419998,233.419998,4776500,8,2019,-2.047840930996536,Negative,224.85785571428545,241.6873296581476,208.0283817704233
2019-08-06,231.880005,232.5,225.75,230.75,230.75,5564200,8,2019,-1.1438600046599243,Negative,225.98285571428545,242.06268228231488,209.90302914625602
2019-08-05,229.600006,231.369995,225.77999900000003,228.320007,228.320007,7028300,8,2019,-1.0530847237269825,Negative,227.1914280714283,240.92153013108856,213.46132601176805
2019-08-02,231.350006,236.270004,229.229996,234.339996,234.339996,6136500,8,2019,2.636645416711114,Positive,228.06214249999974,241.9601001657351,214.16418483426438
2019-08-01,242.649994,244.50999500000003,231.770004,233.850006,233.850006,8259500,8,2019,-0.20909362821700528,Slight or No Change,228.99214278571404,242.5435819814742,215.44070358995387
2019-07-31,243.0,246.679993,236.649994,241.610001,241.610001,9178200,7,2019,3.3183642509720497,Among Top Gainers,230.11714278571404,245.0890772750614,215.14520829636666
2019-07-30,232.899994,243.360001,232.179993,242.25999500000003,242.25999500000003,8109000,7,2019,0.269026115355242,Slight or No Change,231.21928514285688,247.3738623855735,215.06470790014026
2019-07-29,227.089996,235.940002,226.02999900000003,235.770004,235.770004,9273300,7,2019,-2.6789363221113027,Negative,232.3499995714283,247.27278845678202,217.42721068607457
2019-07-26,226.919998,230.25999500000003,222.25,228.039993,228.039993,10027700,7,2019,-3.278623603026276,Among Top Losers,233.23571342857116,245.03024256990867,221.44118428723365
2019-07-25,233.5,234.5,225.550003,228.820007,228.820007,22418300,7,2019,0.34205140499190545,Slight or No Change,233.89285714285685,243.1776739844964,224.6080403012173
2019-07-24,259.170013,266.070007,258.160004,264.880005,264.880005,11072800,7,2019,15.75911060958932,Bull Run,236.02714321428542,255.04438653002532,217.0098998985455
2019-07-23,256.709991,260.480011,254.5,260.170013,260.170013,5023100,7,2019,-1.7781606429673746,Negative,238.25285878571398,260.71421000873556,215.79150756269237
2019-07-22,258.75,262.149994,254.190002,255.679993,255.679993,6842400,7,2019,-1.7258022737616452,Negative,239.72928721428545,263.92296750612456,215.53560692244633
2019-07-19,255.690002,259.959991,254.619995,258.179993,258.179993,7048400,7,2019,0.9777847576833976,Slight Positive,241.14928649999976,267.24079504342546,215.05777795657406
2019-07-18,255.050003,255.75,251.889999,253.539993,253.539993,4764500,7,2019,-1.7971958036268163,Negative,242.58642899999975,269.0576881062107,216.1151698937888
2019-07-17,255.669998,258.309998,253.350006,254.860001,254.860001,9764700,7,2019,0.5206310785060175,Slight Positive,244.30857192857118,270.5991564737223,218.01798738342006
2019-07-16,249.300003,253.52999900000003,247.929993,252.380005,252.380005,8149000,7,2019,-0.973081688091182,Slight Negative,246.02714321428547,270.92415086743324,221.1301355611377
2019-07-15,248.0,254.419998,244.860001,253.5,253.5,11000100,7,2019,0.4437732695979689,Slight or No Change,247.39571492857118,271.6227218345608,223.1687080225815
2019-07-12,239.75,245.380005,239.710007,245.080002,245.080002,9200500,7,2019,-3.3214982248520712,Among Top Losers,248.19785749999977,271.2058747976271,225.18984020237247
2019-07-11,238.139999,241.5,235.800003,238.600006,238.600006,7514400,7,2019,-2.644032947249608,Negative,247.98285785714262,271.31009876489605,224.65561694938916
2019-07-10,234.149994,238.940002,233.139999,238.919998,238.919998,9145700,7,2019,0.13411231850513072,Slight or No Change,247.7442866428569,271.38979680093155,224.09877648478226
2019-07-09,228.970001,231.0,227.27999900000003,230.059998,230.059998,6190800,7,2019,-3.708354291883087,Among Top Losers,247.33642907142834,272.0447567885772,222.62810135427947
2019-07-08,231.240005,232.25,228.660004,230.339996,230.339996,5880500,7,2019,0.1217065124029082,Slight or No Change,247.50071499999981,271.68130590925745,223.32012409074218
2019-07-05,234.570007,235.449997,230.800003,233.100006,233.100006,7065700,7,2019,1.1982330676084674,Positive,247.80642921428554,271.06008921492815,224.55276921364296
2019-07-03,239.389999,241.570007,234.50999500000003,234.899994,234.899994,14201100,7,2019,0.7721956043192924,Slight Positive,245.66499985714267,267.63175999275165,223.69823972153372
2019-07-02,228.889999,229.149994,222.220001,224.550003,224.550003,9259000,7,2019,-4.406126549326362,Among Top Losers,243.12071342857124,266.0793415586805,220.162085298462
2019-07-01,230.210007,233.100006,226.27999900000003,227.169998,227.169998,8238000,7,2019,1.166775758181582,Positive,241.0842852142855,264.30033887335054,217.8682315552205
2019-06-28,220.990005,225.169998,220.800003,223.460007,223.460007,6851400,6,2019,-1.6331342310440091,Negative,238.6042862142855,261.366928731539,215.841643697032
2019-06-27,219.449997,222.899994,217.350006,222.839996,222.839996,6339700,6,2019,-0.27745949189019736,Slight or No Change,236.4114292857141,258.88921294554973,213.93364562587846
2019-06-26,220.309998,227.229996,218.100006,219.270004,219.270004,8507200,6,2019,-1.6020427499917833,Negative,233.86928664285693,255.38900052310694,212.34957276260693
2019-06-25,224.389999,225.339996,219.490005,219.75999500000003,219.75999500000003,6182100,6,2019,0.22346467417404536,Slight or No Change,231.53928592857122,251.42735384572387,211.65121801141856
2019-06-24,223.240005,225.860001,221.020004,223.639999,223.639999,5750800,6,2019,1.7655642920814565,Positive,229.4064287142855,245.11461570953466,213.69824171903636
2019-06-21,216.220001,222.179993,215.5,221.860001,221.860001,8202100,6,2019,-0.7959211267927202,Slight Negative,227.7478572142855,241.04567473930447,214.4500396892665
2019-06-20,223.0,226.899994,216.350006,219.619995,219.619995,11863500,6,2019,-1.0096484223850566,Negative,226.39214214285693,238.76165011711277,214.0226341686011
2019-06-19,225.110001,227.770004,221.059998,226.429993,226.429993,6575100,6,2019,3.1008096507788347,Among Top Gainers,225.49999892857122,235.5640515082266,215.43594634891582
2019-06-18,228.720001,234.740005,222.559998,224.740005,224.740005,12715800,6,2019,-0.7463622542266513,Slight Negative,225.11999942857122,234.838168868729,215.40182998841343
2019-06-17,215.479996,227.0,214.270004,225.02999900000003,225.02999900000003,12316800,6,2019,0.1290353268435851,Slight or No Change,224.7407139285712,233.98417127582337,215.49725658131905
2019-06-14,211.25,216.649994,210.399994,214.919998,214.919998,7433400,6,2019,-4.492734766443308,Among Top Losers,223.44214192857117,232.734745028137,214.14953882900534
2019-06-13,210.380005,214.899994,207.509995,213.910004,213.910004,8168300,6,2019,-0.469939516749851,Slight or No Change,221.9428569285712,229.95735988702793,213.92835397011444
2019-06-12,222.949997,223.380005,209.0,209.259995,209.259995,15186200,6,2019,-2.1738155827438543,Negative,220.85071349999976,231.17042923449478,210.53099776550474
2019-06-11,219.139999,220.899994,213.5,217.100006,217.100006,11653500,6,2019,3.746540756631478,Among Top Gainers,220.13142835714262,229.94515479212012,210.31770192216513
2019-06-10,210.25,216.940002,209.009995,212.880005,212.880005,10585000,6,2019,-1.9438051051919425,Negative,219.3757139285712,229.70138367423962,209.05004418290278
2019-06-07,205.0,210.839996,203.5,204.5,204.5,16003500,6,2019,-3.9364922976208967,Among Top Losers,218.06571421428546,230.85721928130022,205.2742091472707
2019-06-06,204.440002,211.0,201.800003,205.949997,205.949997,20242200,6,2019,0.7090449877750649,Slight Positive,217.11428514285691,231.4126519559464,202.81591832976744
2019-06-05,198.679993,201.279999,191.850006,196.589996,196.589996,13510800,6,2019,-4.544792977103085,Among Top Losers,215.4592852142855,233.35076166732836,197.56780876124265
2019-06-04,181.100006,193.979996,179.610001,193.600006,193.600006,13807500,6,2019,-1.5209268329198111,Negative,213.31357142857124,233.97038482529726,192.65675803184521
2019-06-03,185.509995,186.679993,176.990005,178.970001,178.970001,13064400,6,2019,-7.55682053026383,Bear Drop,210.2499999999998,237.2076910494926,183.292308950507
2019-05-31,185.100006,189.919998,184.100006,185.160004,185.160004,10406700,5,2019,3.4586818826692682,Among Top Gainers,207.78857207142838,237.23850823724115,178.3386359056156
2019-05-30,188.75,192.259995,187.020004,188.220001,188.220001,7926500,5,2019,1.652623101045081,Positive,205.05928692857123,234.14727726886872,175.97129658827373
2019-05-29,187.100006,192.389999,185.039993,189.860001,189.860001,11968600,5,2019,0.8713207901853259,Slight Positive,202.56785807142836,230.3397194369826,174.79599670587413
2019-05-28,191.199997,195.0,187.850006,188.699997,188.699997,10312900,5,2019,-0.6109786126041405,Slight Negative,199.97285792857124,225.3932698193879,174.55244603775458
2019-05-24,199.830002,199.979996,188.75,190.630005,190.630005,14136600,5,2019,1.0227917491699934,Positive,198.23785842857123,222.555437610282,173.92027924686045
2019-05-23,194.339996,199.470001,186.220001,195.490005,195.490005,26547100,5,2019,2.54944125926031,Positive,196.92214421428554,219.519415889168,174.3248725394031
2019-05-22,199.100006,203.940002,191.779999,192.729996,192.729996,18685200,5,2019,-1.4118414903104617,Negative,195.74142999999984,217.26353722519076,174.21932277480892
2019-05-21,197.759995,207.399994,196.039993,205.080002,205.080002,18003900,5,2019,6.4079314358518555,Among Top Gainers,194.88285828571412,213.4971926786772,176.26852389275103
2019-05-20,202.800003,206.0,195.25,205.360001,205.360001,20526200,5,2019,0.13653159609390286,Slight or No Change,194.345715142857,211.05994313919896,177.631487146515
2019-05-17,221.960007,222.240005,208.919998,211.02999900000003,211.02999900000003,17786700,5,2019,2.7610040769331823,Positive,194.81214364285697,213.04269835104424,176.5815889346697
2019-05-16,229.490005,231.0,226.5,228.330002,228.330002,7483300,5,2019,8.197888016859611,Bull Run,196.41071542857125,221.48762275251133,171.33380810463117
2019-05-15,229.320007,232.440002,225.25,231.949997,231.949997,7296000,5,2019,1.5854224010386495,Positive,198.93642978571413,230.40052797802272,167.47233159340553
2019-05-14,229.300003,234.5,228.0,232.309998,232.309998,7252400,5,2019,0.1552062964674139,Slight or No Change,201.70142921428555,237.63191905103034,165.77093937754077
2019-05-13,232.00999500000003,232.470001,224.5,227.00999500000003,227.00999500000003,10834800,5,2019,-2.2814356014070336,Negative,205.13285735714268,240.8871909762534,169.37852373803196
2019-05-10,239.75,241.990005,236.020004,239.520004,239.520004,7008300,5,2019,5.510774536601337,Among Top Gainers,209.01571449999983,247.15392098238502,170.87750801761464
2019-05-09,242.0,243.679993,236.940002,241.979996,241.979996,6711400,5,2019,1.0270507510512503,Positive,212.85571414285695,252.75922419760147,172.95220408811244
2019-05-08,246.940002,250.600006,244.199997,244.839996,244.839996,6176400,5,2019,1.1819158803523466,Positive,216.78285664285698,257.7452035583949,175.82050972731903
2019-05-07,256.799988,257.209991,245.100006,247.059998,247.059998,10131400,5,2019,0.9067154207926142,Slight Positive,220.95142814285697,261.47872381389556,180.42413247181838
2019-05-06,250.020004,258.350006,248.5,255.339996,255.339996,10833900,5,2019,3.3514118299312834,Among Top Gainers,225.5735703571427,265.964302818916,185.1828378953694
2019-05-03,243.860001,256.609985,243.490005,255.02999900000003,255.02999900000003,23706800,5,2019,-0.1214055787797319,Slight or No Change,229.8264270714284,269.09485966296864,190.55799447988815
2019-05-02,245.520004,247.130005,237.720001,244.100006,244.100006,18159300,5,2019,-4.2857675735629925,Among Top Losers,233.49571349999982,267.0109473304305,199.98047966956915
2019-05-01,238.850006,240.0,231.5,234.00999500000003,234.00999500000003,10704400,5,2019,-4.133556227770009,Among Top Losers,235.56214157142838,264.82834942317874,206.29593371967803
2019-04-30,242.059998,244.210007,237.0,238.690002,238.690002,9464600,4,2019,1.999917567623544,Positive,237.94285592857122,261.4893761707905,214.39633568635196
2019-04-29,235.860001,243.979996,232.169998,241.470001,241.470001,16714500,4,2019,1.1646901741615423,Positive,240.1171417857141,257.86650033436797,222.36778323706022
2019-04-26,246.5,246.679993,231.130005,235.139999,235.139999,22360700,4,2019,-2.6214444750012444,Negative,240.60357014285697,257.3036560865948,223.90348419911913
2019-04-25,255.0,259.0,246.070007,247.630005,247.630005,21849400,4,2019,5.311731756875604,Among Top Gainers,241.7235707142855,258.0220054665001,225.42513596207093
2019-04-24,263.850006,265.320007,258.0,258.660004,258.660004,10727500,4,2019,4.4542255693125865,Among Top Gainers,243.60571399999978,261.251455297352,225.95997270264758
2019-04-23,260.149994,265.600006,255.75,263.899994,263.899994,10943900,4,2019,2.025821510464354,Positive,246.2407139285712,264.2252745818218,228.25615327532063
2019-04-22,269.0,269.679993,262.480011,262.75,262.75,12147100,4,2019,-0.4357688617454003,Slight or No Change,247.89999935714263,267.4333063119484,228.36669240233687
2019-04-18,271.230011,274.839996,269.75,273.26001,273.26001,5876300,4,2019,4.000003805899155,Among Top Gainers,250.13428607142833,273.5254937705357,226.74307837232098
2019-04-17,274.75,274.790009,268.540009,271.230011,271.230011,5126500,4,2019,-0.7428818435599283,Slight Negative,252.0192871428569,277.71267353298606,226.32590075272773
2019-04-16,265.75,275.0,264.720001,273.359985,273.359985,7272900,4,2019,0.7853017415539565,Slight Positive,253.8978576428569,281.7817504023495,226.01396488336434
2019-04-15,268.630005,268.880005,258.630005,266.380005,266.380005,10038600,4,2019,-2.5534022472235685,Negative,254.68642971428545,283.35928308823446,226.01357634033644
2019-04-12,270.220001,271.950012,266.829987,267.700012,267.700012,6746000,4,2019,0.495535316173612,Slight or No Change,255.5914306428569,285.09866366740346,226.08419761831036
2019-04-11,268.299988,270.5,265.600006,268.420013,268.420013,9835900,4,2019,0.26895815006535706,Slight or No Change,257.3285739999997,286.78504487771613,227.87210312228328
2019-04-10,276.73999,278.380005,272.890015,276.059998,276.059998,7061300,4,2019,2.846279945601537,Positive,260.3321456428569,288.07149215364103,232.5927991320728
2019-04-09,271.649994,275.0,269.609985,272.309998,272.309998,5904000,4,2019,-1.3584003575918269,Negative,262.7335739285712,288.12365331778176,237.34349453936068
2019-04-08,277.690002,281.160004,270.440002,273.200012,273.200012,10410400,4,2019,0.3268385320174705,Slight or No Change,265.00000328571406,287.7401770946727,242.2598294767554
2019-04-05,269.859985,276.100006,266.109985,274.959991,274.959991,13038300,4,2019,0.6442089760962277,Slight Positive,267.84428842857125,283.2859650861597,252.40261177098276
2019-04-04,261.890015,271.200012,260.589996,267.77999900000003,267.77999900000003,23720700,4,2019,-2.611286090709819,Negative,269.2835737142855,279.4715419909493,259.09560543762177
2019-04-03,287.320007,296.170013,287.170013,291.809998,291.809998,7929900,4,2019,8.973784109992453,Bull Run,271.65143042857125,285.8306990326317,257.4721618245108
2019-04-02,288.299988,289.440002,283.880005,285.880005,285.880005,5478900,4,2019,-2.0321418185267337,Negative,273.22143121428553,288.52630044513256,257.9165619834385
2019-04-01,282.619995,289.200012,281.27999900000003,289.179993,289.179993,8110400,4,2019,1.1543262705623778,Positive,275.10928785714265,291.3422610129478,258.8763147013375
2019-03-29,278.700012,280.160004,274.5,279.859985,279.859985,5991300,3,2019,-3.222908992877671,Among Top Losers,275.58071464285695,291.9649800455182,259.1964492401957
2019-03-28,277.160004,280.329987,275.100006,278.619995,278.619995,6774100,3,2019,-0.4430751327310967,Slight or No Change,276.10857064285693,292.36470559893075,259.8524356867831
2019-03-27,268.75,275.369995,268.179993,274.829987,274.829987,8779200,3,2019,-1.3602785399518758,Negative,276.21357078571407,292.4121172991748,260.01502427225336
2019-03-26,264.440002,270.26001,264.429993,267.769989,267.769989,7350900,3,2019,-2.5688601440715497,Negative,276.31285535714267,292.2669626949729,260.35874801931243
2019-03-25,259.709991,263.179993,254.460007,260.420013,260.420013,10215000,3,2019,-2.7448841550350207,Negative,275.7928554285712,293.3502319332429,258.2354789238995
2019-03-22,272.579987,272.799988,264.0,264.52999900000003,264.52999900000003,8745600,3,2019,1.5782143440719487,Positive,275.51499728571406,293.68735189374803,257.3426426776801
2019-03-21,272.600006,276.450012,268.450012,274.019989,274.019989,5947100,3,2019,3.587491035374013,Among Top Gainers,275.36928235714265,293.55552228002006,257.18304243426525
2019-03-20,269.690002,274.970001,266.299988,273.600006,273.600006,6908200,3,2019,-0.1532672859132167,Slight or No Change,275.4614257857141,293.5938875433174,257.32896402811076
2019-03-19,267.5,273.299988,263.459991,267.470001,267.470001,11800600,3,2019,-2.2404988543750397,Negative,275.0521392857141,293.65700806261833,256.4472705088098
2019-03-18,276.0,278.049988,267.299988,269.48999,269.48999,10281000,3,2019,0.7552207695995072,Slight Positive,274.6614249285712,293.5028728364696,255.81997702067278
2019-03-15,283.51001,283.720001,274.399994,275.429993,275.429993,14785500,3,2019,2.2041646147970217,Positive,275.20785307142836,293.62863581325706,256.78707032959966
2019-03-14,292.450012,295.390015,288.290009,289.959991,289.959991,7103400,3,2019,5.2753869837262055,Among Top Gainers,275.07570971428555,293.0034013222548,257.14801810631633
2019-03-13,283.899994,291.98999,282.700012,288.959991,288.959991,6844700,3,2019,-0.3448751658983173,Slight or No Change,275.2957087142855,293.8588631803768,256.7325542481943
2019-03-12,286.48999,288.070007,281.059998,283.359985,283.359985,7504100,3,2019,-1.937986632896871,Negative,274.87999385714267,292.3311082162747,257.42887949801064
2019-03-11,283.519989,291.2799990000001,280.5,290.920013,290.920013,7392300,3,2019,2.6679942123797096,Positive,275.6699958571427,294.99319023632273,256.34680147796263
2019-03-08,276.910004,285.589996,275.890015,284.140015,284.140015,8819600,3,2019,-2.330536813223638,Negative,276.0642829999998,295.86611849941227,256.26244750058737
2019-03-07,278.839996,284.700012,274.25,276.589996,276.589996,9442500,3,2019,-2.6571473926331746,Negative,276.18999792857124,295.9804219366294,256.3995739205131
2019-03-06,276.480011,281.51001,274.390015,276.23999,276.23999,10335500,3,2019,-0.12654326080543402,Slight or No Change,276.7949979999998,295.9853759214866,257.604620078513
2019-03-05,282.0,284.0,270.100006,276.540009,276.540009,18764700,3,2019,0.1086080983423221,Slight or No Change,277.9464262857141,294.68186387536645,261.21098869606175
2019-03-04,298.119995,299.0,282.7799990000001,285.359985,285.359985,17096800,3,2019,3.1894032374895964,Among Top Gainers,279.43428242857124,294.66796616764924,264.20059868949323
2019-03-01,306.940002,307.130005,291.899994,294.790009,294.790009,22911400,3,2019,3.304606285285594,Among Top Gainers,280.9178552857141,297.83286062365914,264.00284994776905
2019-02-28,318.920013,320.0,310.809998,319.880005,319.880005,10520700,2,2019,8.511141909154718,Bull Run,284.2235694999998,310.4849263681164,257.96221263188323
2019-02-27,301.7799990000001,316.299988,300.549988,314.73999,314.73999,11183900,2,2019,-1.6068572338555518,Negative,287.5999972857141,316.5952619821911,258.6047325892371
2019-02-26,292.220001,302.01001,288.769989,297.859985,297.859985,8582500,2,2019,-5.363158650414902,Among Top Losers,289.62642549999975,317.0948000079961,262.1580509920034
2019-02-25,297.910004,302.899994,297.0,298.769989,298.769989,6626500,2,2019,0.3055140152511626,Slight or No Change,291.29356807142835,317.86896242071566,264.71817372214105
2019-02-22,294.48999,296.5,292.100006,294.709991,294.709991,5740600,2,2019,-1.3589042238107862,Negative,291.6328537857141,318.2561493185538,265.00955825287434
2019-02-21,301.809998,303.23999,290.5,291.230011,291.230011,8909200,2,2019,-1.1808150745727608,Negative,291.7949980714283,318.3757868390922,265.21420930376445
2019-02-20,304.410004,306.299988,299.0,302.559998,302.559998,7142100,2,2019,3.8903912962459097,Among Top Gainers,293.16642757142836,319.85352552663267,266.47932961622405
2019-02-19,306.559998,311.540009,305.470001,305.640015,305.640015,4168400,2,2019,1.017985530261667,Positive,294.21785628571405,321.6725510685686,266.7631615028595
2019-02-15,304.5,308.0,303.899994,307.880005,307.880005,3904900,2,2019,0.7328850576060697,Slight Positive,295.91356985714265,323.61836567939736,268.20877403488794
2019-02-14,303.380005,306.769989,301.0,303.769989,303.769989,5200800,2,2019,-1.33494086437993,Negative,297.85499792857127,323.4561449959679,272.2538508611746
2019-02-13,312.350006,312.75,305.570007,308.170013,308.170013,5141600,2,2019,1.44847225181286,Positive,300.13571385714266,322.9828886187348,277.2885390955505
2019-02-12,316.200012,318.190002,309.619995,311.809998,311.809998,5517600,2,2019,1.1811613221433204,Positive,302.6549987857141,321.7672582683771,283.5427393030511
2019-02-11,311.600006,318.600006,310.5,312.839996,312.839996,7129700,2,2019,0.3303287279454059,Slight or No Change,304.6178567142855,321.60502211525323,287.63069131331775
2019-02-08,306.829987,307.450012,298.5,305.799988,305.799988,5844200,2,2019,-2.250354203431204,Negative,305.40428378571403,321.4233552109245,289.38521236050354
2019-02-07,313.299988,314.700012,303.0,307.51001,307.51001,6520600,2,2019,0.5591962286146446,Slight Positive,304.5207127142854,318.3096984949123,290.73172693365854
2019-02-06,319.589996,324.23999,315.619995,317.220001,317.220001,5038500,2,2019,3.157617860960027,Among Top Gainers,304.69785635714254,319.1023577404236,290.2933549738615
2019-02-05,312.48999,322.440002,312.25,321.350006,321.350006,6742800,2,2019,1.3019371373118591,Positive,306.3757149999997,322.69433167971766,290.0570983202817
2019-02-04,312.980011,315.299988,301.880005,312.890015,312.890015,7352100,2,2019,-2.6326406852471007,Negative,307.3842882857139,323.42091961324587,291.347656958182
2019-02-01,305.420013,316.100006,303.5,312.209991,312.209991,7283400,2,2019,-0.21733643369860056,Slight or No Change,308.6342882857139,323.0627709511742,294.20580562025367
2019-01-31,301.0,311.559998,294.0,307.019989,307.019989,12569200,1,2019,-1.6623433424973189,Negative,309.7621438571426,320.2645522809298,299.25973543335533
2019-01-30,300.450012,309.0,298.48999,308.769989,308.769989,11250300,1,2019,0.569995460458439,Slight Positive,310.2057146428569,319.89052891772855,300.52090036798523
2019-01-29,295.269989,298.559998,291.799988,297.459991,297.459991,4621700,1,2019,-3.6629201032876257,Among Top Losers,309.62142721428546,321.2788997238775,297.96395470469344
2019-01-28,292.910004,297.459991,287.75,296.380005,296.380005,6423300,1,2019,-0.3630693312298372,Slight or No Change,308.79999864285685,322.4384109644049,295.1615863213088
2019-01-25,294.390015,298.519989,289.549988,297.040009,297.040009,7249600,1,2019,0.2226884367587445,Slight or No Change,308.319285785714,323.1442295899853,293.4943419814427
2019-01-24,283.0299990000001,293.679993,279.27999900000003,291.51001,291.51001,8012200,1,2019,-1.8617017345969653,Negative,307.1292855714283,324.4674220965747,289.7911490462819
2019-01-23,292.5,294.5,281.690002,287.589996,287.589996,12530000,1,2019,-1.3447270644325493,Negative,305.39928542857115,325.36047731708055,285.43809354006174
2019-01-22,304.820007,308.0,295.5,298.920013,298.920013,12066700,1,2019,3.939642253759068,Among Top Gainers,304.40500092857116,324.1552586818327,284.6547431753096
2019-01-18,323.0,327.130005,299.730011,302.26001,302.26001,24150800,1,2019,1.1173547620580535,Positive,304.1521453571426,323.9161071858,284.38818352848523
2019-01-17,346.209991,351.5,344.149994,347.309998,347.309998,3676700,1,2019,14.904382488440993,Bull Run,306.9950016428569,337.41602398956115,276.57397929615263
2019-01-16,344.7799990000001,352.0,343.5,346.049988,346.049988,4691700,1,2019,-0.3627911684822904,Slight or No Change,309.0542864285712,345.719288168492,272.3892846886503
2019-01-15,335.0,348.799988,334.5,344.429993,344.429993,6056600,1,2019,-0.4681390134884112,Slight or No Change,310.7028569285712,351.58262268076896,269.8230911763734
2019-01-14,342.380005,342.5,334.0,334.399994,334.399994,5247300,1,2019,-2.912057371263843,Negative,312.23928399999977,355.04466355682837,269.4339044431712
2019-01-11,342.089996,348.410004,338.769989,347.26001,347.26001,5039100,1,2019,3.845698633595074,Among Top Gainers,314.7428567857141,361.4619084243487,268.0238051470795
2019-01-10,334.399994,345.390015,331.790009,344.970001,344.970001,6056400,1,2019,-0.6594508247581011,Slight Negative,317.4535719285712,366.5839876773614,268.323156179781
2019-01-09,335.5,343.5,331.470001,338.5299990000001,338.5299990000001,5432900,1,2019,-1.8668295739721288,Negative,319.57928692857115,369.6573569295418,269.5012169276005
2019-01-08,341.959991,344.01001,327.019989,335.350006,335.350006,7008500,1,2019,-0.9393533835682422,Slight Negative,322.2857165714283,371.2984252113209,273.2730079315357
2019-01-07,321.720001,336.73999,317.75,334.959991,334.959991,7551200,1,2019,-0.11630087759711973,Slight or No Change,325.0414298571426,372.0782867216437,278.0045729926415
2019-01-04,306.0,318.0,302.730011,317.690002,317.690002,7394100,1,2019,-5.155836357781606,Among Top Losers,326.51642935714256,370.9963967726242,282.0364619416609
2019-01-03,307.0,309.399994,297.380005,300.359985,300.359985,6965200,1,2019,-5.455008621895506,Among Top Losers,327.14857042857113,369.69496187526255,284.6021789818797
2019-01-02,306.100006,315.130005,298.799988,310.119995,310.119995,11658600,1,2019,3.2494375041335783,Among Top Gainers,328.7578560714283,366.264653396182,291.25105874667463
2018-12-31,337.790009,339.209991,325.26001,332.799988,332.799988,6302300,12,2018,7.3132959388832575,Bull Run,331.17785428571403,364.5338454230158,297.82186314841226
2018-12-28,323.100006,336.23999,318.410004,333.869995,333.869995,9939000,12,2018,0.3215165380354712,Slight or No Change,333.43571035714257,362.34222853283796,304.5291921814472
2018-12-27,319.839996,322.170013,301.5,316.130005,316.130005,8575100,12,2018,-5.31344243737747,Among Top Losers,331.20856799999973,360.31424481658115,302.1028911834183
2018-12-26,300.0,326.970001,294.089996,326.089996,326.089996,8163100,12,2018,3.1505997034352973,Among Top Gainers,329.78285428571405,357.6875336394493,301.8781749319788
2018-12-24,313.5,314.5,295.200012,295.390015,295.390015,5559900,12,2018,-9.414573086136624,Bear Drop,326.27999871428545,358.27629625692407,294.28370117164684
2018-12-21,317.399994,323.470001,312.440002,319.769989,319.769989,8016800,12,2018,8.253486157952894,Bull Run,325.2349983571426,357.04398342551855,293.4260132887667
2018-12-20,327.049988,330.290009,311.869995,315.380005,315.380005,9071900,12,2018,-1.3728567880083364,Negative,322.9578551428569,352.4552443110514,293.4604659746624
2018-12-19,337.600006,347.01001,329.73999,332.970001,332.970001,8274200,12,2018,5.577397336904721,Among Top Gainers,322.10071228571405,349.46286852270896,294.73855604871915
2018-12-18,350.540009,351.549988,333.690002,337.0299990000001,337.0299990000001,7100000,12,2018,1.2193284643681856,Positive,321.9935694285712,349.0890479379463,294.89809091919614
2018-12-17,362.0,365.700012,343.880005,348.420013,348.420013,7674000,12,2018,3.379525274840578,Among Top Gainers,322.92714135714266,352.7666960876568,293.08758662662854
2018-12-14,375.0,377.869995,364.329987,365.709991,365.709991,6337600,12,2018,4.962395199726943,Among Top Gainers,325.1235699285712,362.38290808958345,287.864231767559
2018-12-13,370.149994,377.440002,366.75,376.790009,376.790009,7365900,12,2018,3.0297280010597167,Among Top Gainers,329.3449989999998,375.34337996528916,283.34661803471045
2018-12-12,369.420013,371.910004,365.160004,366.600006,366.600006,5027000,12,2018,-2.7044249466816384,Negative,334.0764290714283,380.85219663027976,287.3006615125769
2018-12-11,369.910004,372.170013,360.230011,366.76001,366.76001,6308800,12,2018,0.043645389356594684,Slight or No Change,338.1221444285712,385.76203317810376,290.4822556790386
2018-12-10,360.0,365.980011,353.119995,365.149994,365.149994,6613500,12,2018,-0.43898351949549497,Slight or No Change,340.43285914285696,390.0575875280997,290.8081307576142
2018-12-07,369.0,379.48999,357.649994,357.970001,357.970001,11511200,12,2018,-1.9663133282154743,Negative,342.1542881428569,392.46559021700017,291.8429860687136
2018-12-06,356.01001,367.380005,350.76001,363.059998,363.059998,7842500,12,2018,1.42190602167247,Positive,345.50643049999974,394.5870784251998,296.42578257479965
2018-12-04,356.049988,368.679993,352.0,359.700012,359.700012,8461900,12,2018,-0.9254630139671872,Slight Negative,347.9071459285712,396.177950118141,299.6363417390014
2018-12-03,360.0,366.0,352.0,358.48999,358.48999,8306500,12,2018,-0.33639754229423113,Slight or No Change,352.4142869999998,390.20836998965115,314.6202040103484
2018-11-30,341.829987,351.600006,338.26001,350.480011,350.480011,5629100,11,2018,-2.2343661534315107,Negative,354.60785999999973,387.4852680065082,321.7304519934913
2018-11-29,347.0,347.5,339.549988,341.170013,341.170013,3080700,11,2018,-2.656356342102495,Negative,356.45000342857116,381.91337133271173,330.9866355244306
2018-11-28,345.98999,348.2799990000001,342.209991,347.869995,347.869995,4127600,11,2018,1.9638249977145692,Positive,357.5142887142855,379.79704008105034,335.23153734752066
2018-11-27,340.049988,346.959991,335.5,343.920013,343.920013,6358300,11,2018,-1.1354764874159429,Negative,358.0064325714283,378.57901033570886,337.4338548071478
2018-11-26,325.0,346.220001,325.0,346.0,346.0,7992100,11,2018,0.6047880092398206,Slight Positive,357.83357449999977,378.79021303463367,336.8769359653659
2018-11-23,334.350006,337.5,325.549988,325.829987,325.829987,4202600,11,2018,-5.829483526011559,Among Top Losers,354.9850027857141,381.4479109072596,328.52209466416855
2018-11-21,352.0,353.100006,337.399994,338.190002,338.190002,4686800,11,2018,3.79339394565914,Among Top Gainers,352.2278594285712,376.88623854937265,327.56948030776977
2018-11-20,341.75,349.799988,333.549988,347.48999,347.48999,8004700,11,2018,2.7499299047876624,Positive,350.8628582857141,374.172938731626,327.55277783980216
2018-11-19,356.339996,366.75,352.880005,353.470001,353.470001,9708900,11,2018,1.7209160471068463,Positive,349.91357192857123,371.44981151218406,328.3773323449584
2018-11-16,345.190002,355.700012,345.119995,354.309998,354.309998,7206200,11,2018,0.23764308077731666,Slight or No Change,349.13928649999974,369.03260198940484,329.24597101059464
2018-11-15,342.329987,348.579987,339.040009,348.440002,348.440002,4625700,11,2018,-1.6567401521647152,Negative,348.45857228571407,367.69146300986574,329.2256815615624
2018-11-14,342.700012,347.109985,337.149994,344.0,344.0,5040300,11,2018,-1.2742515137512789,Negative,347.09714385714267,364.4878282691596,329.70645944512574
2018-11-13,333.160004,344.700012,332.200012,338.730011,338.730011,5448600,11,2018,-1.5319735465116335,Negative,345.5992866428569,361.8916468022039,329.30692648350987
2018-11-12,348.369995,349.7799990000001,330.339996,331.2799990000001,331.2799990000001,6941500,11,2018,-2.199395317233921,Negative,343.65571585714264,359.815213855305,327.4962178589803
2018-11-09,349.0,354.0,345.230011,350.51001,350.51001,5098800,11,2018,5.8047606429750145,Among Top Gainers,343.6578586428569,359.8212622283031,327.49445505741073
2018-11-08,348.5,357.579987,348.440002,351.399994,351.399994,7090700,11,2018,0.2539111507828151,Slight or No Change,344.3885715714284,360.98659605846103,327.7905470843957
2018-11-07,343.339996,351.179993,340.799988,348.160004,348.160004,7374500,11,2018,-0.9220233509736442,Slight Negative,344.40928649999984,361.02674016769043,327.79183283230924
2018-11-06,339.070007,348.799988,336.089996,341.059998,341.059998,6762900,11,2018,-2.039293979327972,Negative,344.2049997142855,360.9184058710207,327.49159355755035
2018-11-05,340.5,343.959991,330.140015,341.399994,341.399994,7831000,11,2018,0.09968803201598764,Slight or No Change,343.8764278571427,360.6186629890309,327.1341927252545
2018-11-02,343.73999,349.200012,340.910004,346.410004,346.410004,7808000,11,2018,1.4674897738867545,Positive,345.3464290714284,358.4903103787537,332.20254776410314
2018-11-01,338.26001,347.839996,334.730011,344.2799990000001,344.2799990000001,8000100,11,2018,-0.6148797596503552,Slight Negative,345.7814288571427,358.292948825027,333.26990888925843
2018-10-31,332.540009,342.0,329.100006,337.320007,337.320007,7624300,10,2018,-2.021607999365671,Negative,345.0550014999999,358.29872458204056,331.8112784179592
2018-10-30,328.390015,337.899994,322.26001,329.899994,329.899994,9126700,10,2018,-2.1996954956780783,Negative,343.3714295714285,357.9339514059546,328.8089077369024
2018-10-29,337.470001,347.160004,326.5,334.850006,334.850006,14486000,10,2018,1.5004583479925726,Positive,341.98143014285705,355.7390114345898,328.2238488511243
2018-10-26,308.25,339.899994,306.649994,330.899994,330.899994,27425500,10,2018,-1.1796362339022926,Negative,340.72857242857134,355.1319997126855,326.32514514445717
2018-10-25,317.220001,321.0,301.01001,314.859985,314.859985,20840700,10,2018,-4.847388724945102,Among Top Losers,338.6471427857142,358.43112634778345,318.86315922364497
2018-10-24,301.049988,304.440002,285.730011,288.5,288.5,20058300,10,2018,-8.371970480783709,Bear Drop,335.0592848571428,368.3717008255058,301.74686888877983
2018-10-23,263.869995,297.929993,262.100006,294.140015,294.140015,19027800,10,2018,1.9549445407279096,Positive,332.40642885714277,372.28376790893407,292.5290898053515
2018-10-22,260.679993,261.859985,252.589996,260.950012,260.950012,5600300,10,2018,-11.283742880070223,Bear Drop,326.0092861428571,379.71363011036436,272.3049421753498
2018-10-19,267.390015,269.660004,253.5,260.0,260.0,9375500,10,2018,-0.3640589983954557,Slight or No Change,319.4807151428571,381.4716208891788,257.4898093965354
2018-10-18,269.290009,271.0,263.0,263.910004,263.910004,5421200,10,2018,1.5038476923076916,Positive,313.4628579999999,379.67448409471604,247.25123190528382
2018-10-17,282.399994,282.700012,265.799988,271.77999900000003,271.77999900000003,8655500,10,2018,2.9820752835121755,Positive,308.51428664285714,376.18078722283644,240.84778606287784
2018-10-16,265.700012,277.380005,262.23999,276.589996,276.589996,9526400,10,2018,1.769812722679398,Positive,303.8850010714285,370.72262595085704,237.04737619200003
2018-10-15,259.059998,263.27999900000003,254.539993,259.589996,259.589996,6200000,10,2018,-6.1462815885792175,Among Top Losers,297.6835719285713,363.62966832172475,231.7374755354179
2018-10-12,261.0,261.98999,252.00999500000003,258.77999900000003,258.77999900000003,7201400,10,2018,-0.3120293587892897,Slight or No Change,291.57642907142844,354.70995071066545,228.44290743219142
2018-10-11,257.52999900000003,262.25,249.02999900000003,252.229996,252.229996,8167700,10,2018,-2.5311086735107517,Negative,285.49857114285703,345.99011391626425,225.0070283694498
2018-10-10,264.609985,265.51001,247.770004,256.880005,256.880005,12815300,10,2018,1.8435590824812165,Positive,280.2828576428571,336.7402522311925,223.8254630545217
2018-10-09,255.25,266.769989,253.300003,262.799988,262.799988,12060600,10,2018,2.3045713503470293,Positive,275.13642778571426,322.5833965607764,227.68945901065212
2018-10-08,264.519989,267.76001,249.0,250.559998,250.559998,13472700,10,2018,-4.657530654072928,Among Top Losers,269.3978566428571,305.98216202403177,232.81355126168245
2018-10-05,274.649994,274.880005,260.0,261.950012,261.950012,17944500,10,2018,4.545822992862568,Among Top Gainers,265.6185728571428,291.2703265697284,239.96681914455718
2018-10-04,293.950012,294.0,277.670013,281.829987,281.829987,9814200,10,2018,7.589224695282692,Bull Run,265.1421433571428,289.1588873379896,241.125399376296
2018-10-03,303.329987,304.600006,291.570007,294.799988,294.799988,7995000,10,2018,4.602065641794173,Among Top Gainers,265.1892842857142,289.4525395019662,240.9260290694622
2018-10-02,313.950012,316.839996,299.149994,301.019989,301.019989,11743500,10,2018,2.1099054454507105,Positive,268.05142549999994,298.7583532458907,237.3444977541092
2018-10-01,305.769989,311.440002,301.049988,310.700012,310.700012,21777600,10,2018,3.2157409320747727,Among Top Gainers,271.6728549285714,309.4370832204029,233.90862663673985
2018-09-28,270.26001,278.0,260.559998,264.769989,264.769989,33649700,9,2018,-14.782755463813755,Bear Drop,271.7342824285714,309.44687949481244,234.02168536233037
2018-09-27,312.899994,314.959991,306.910004,307.519989,307.519989,8509100,9,2018,16.146089729225313,Bull Run,274.28713885714285,316.57427299215266,232.00000472213304
2018-09-26,301.910004,313.890015,301.109985,309.579987,309.579987,7843200,9,2018,0.6698745036700648,Slight Positive,276.64356678571426,322.9675064722095,230.31962709921905
2018-09-25,300.0,304.600006,296.5,300.98999,300.98999,4481700,9,2018,-2.7747261970135217,Negative,279.60070921428564,326.5169926897548,232.68442573881651
2018-09-24,298.480011,303.0,293.579987,299.679993,299.679993,4843000,9,2018,-0.4352294240748567,Slight or No Change,282.5221373571428,328.9445677752237,236.09970693906195
2018-09-21,297.700012,300.579987,295.369995,299.100006,299.100006,5050500,9,2018,-0.19353544232098008,Slight or No Change,285.86999521428567,329.56186884258227,242.17812158598903
2018-09-20,303.559998,305.980011,293.329987,298.329987,298.329987,7349400,9,2018,-0.25744533084361976,Slight or No Change,288.83070821428566,329.5786945953399,248.08272183323143
2018-09-19,280.51001,300.0,280.5,299.019989,299.019989,8294900,9,2018,0.23128818089614975,Slight or No Change,291.41785114285716,329.56256147058383,253.2731408151305
2018-09-18,296.690002,302.640015,275.5,284.959991,284.959991,16547500,9,2018,-4.702026124414049,Among Top Losers,293.8749935,324.3412453143539,263.40874168564613
2018-09-17,290.040009,300.869995,288.130005,294.839996,294.839996,6887600,9,2018,3.4671551488082435,Among Top Gainers,296.22427807142856,320.5368862461355,271.9116698967216
2018-09-14,288.76001,297.329987,286.519989,295.200012,295.200012,6765600,9,2018,0.12210555042879713,Slight or No Change,297.17927985714283,320.064744411818,274.29381530246764
2018-09-13,288.019989,295.0,285.179993,289.459991,289.459991,6340300,9,2018,-1.9444514792228416,Negative,296.7978515,320.02952185986993,273.56618114013
2018-09-12,281.440002,292.5,278.649994,290.540009,290.540009,10015400,9,2018,0.3731147770263066,Slight or No Change,296.04928149999995,319.37010942509534,272.72845357490456
2018-09-11,279.470001,282.0,273.549988,279.440002,279.440002,9170000,9,2018,-3.8204745150950963,Among Top Losers,293.8164236428571,317.08061468995345,270.55223259576076
2018-09-10,273.26001,286.0299990000001,271.0,285.5,285.5,14283500,9,2018,2.1686222289677866,Positive,295.29713871428567,312.4278192299655,278.1664581986058
2018-09-07,260.100006,268.350006,252.25,263.23999,263.23999,22491900,9,2018,-7.7968511383537775,Bear Drop,292.1342816428571,314.9509901302544,269.3175731554598
2018-09-06,284.799988,291.170013,278.880005,280.950012,280.950012,7480800,9,2018,6.727709570267049,Among Top Gainers,290.0892834285714,311.24179998685264,268.9367668702901
2018-09-05,285.049988,286.7799990000001,277.179993,280.73999,280.73999,7720800,9,2018,-0.07475422353783179,Slight or No Change,288.6428548571428,309.34913643632257,267.9365732779631
2018-09-04,296.940002,298.190002,288.0,288.950012,288.950012,8350500,9,2018,2.9244219891865217,Positive,287.8764276428571,307.59358138031774,268.15927390539645
2018-08-31,302.0,305.309998,298.600006,301.660004,301.660004,5375100,8,2018,4.398681942259275,Among Top Gainers,288.05928464285705,308.2662152505365,267.8523540351776
2018-08-30,302.26001,304.600006,297.720001,303.149994,303.149994,7216700,8,2018,0.4939302460527539,Slight or No Change,288.40357085714277,309.50860390562156,267.298537808664
2018-08-29,310.269989,311.850006,303.690002,305.01001,305.01001,7447400,8,2018,0.6135629347893135,Slight Positive,288.8314294999999,311.07570599456864,266.58715300543116
2018-08-28,318.410004,318.880005,311.190002,311.859985,311.859985,7649100,8,2018,2.2458197355555543,Positive,290.752857642857,316.0009521411639,265.5047631445501
2018-08-27,318.0,322.440002,308.809998,319.269989,319.269989,13079300,8,2018,2.376067580456032,Positive,292.497857142857,321.98400592054725,263.0117083651668
2018-08-24,320.700012,323.850006,319.399994,322.820007,322.820007,3602600,8,2018,1.1119172243902795,Positive,294.47071392857123,328.13556886518313,260.8058589919593
2018-08-23,319.140015,327.320007,318.100006,320.100006,320.100006,5147300,8,2018,-0.8425751009911719,Slight Negative,296.65928642857125,332.8127770006488,260.5057958564937
2018-08-22,320.869995,323.880005,314.670013,321.640015,321.640015,5946000,8,2018,0.4811024589609136,Slight or No Change,298.88071542857125,337.1731053142319,260.5883255429106
2018-08-21,310.609985,324.790009,309.0,321.899994,321.899994,13172200,8,2018,0.08082918414240581,Slight or No Change,301.9135719999998,340.29894153593057,263.52820246406907
2018-08-20,291.700012,308.5,288.200012,308.440002,308.440002,17402300,8,2018,-4.181420394807467,Among Top Losers,303.5521435714284,340.8627691540953,266.24151798876153
2018-08-17,323.5,326.769989,303.5299990000001,305.5,305.5,18958600,8,2018,-0.9531844056984484,Slight Negative,306.57071571428554,335.79361805847896,277.3478133700921
2018-08-16,339.910004,342.2799990000001,333.820007,335.450012,335.450012,6064000,8,2018,9.803604582651392,Bull Run,310.46357285714265,339.5039222429752,281.4232234713101
2018-08-15,341.910004,344.48999,332.140015,338.690002,338.690002,9101300,8,2018,0.9658637305399732,Slight Positive,314.60285942857126,341.8579471301759,287.34777172696664
2018-08-14,358.450012,359.200012,347.100006,347.640015,347.640015,6986400,8,2018,2.6425382937639963,Positive,318.79500249999984,347.08785316470977,290.5021518352899
2018-08-13,361.130005,363.190002,349.019989,356.410004,356.410004,10463900,8,2018,2.522721384648441,Positive,322.7057167857141,355.5631997315785,289.84823383984974
2018-08-10,354.0,360.0,346.0,355.48999,355.48999,11552000,8,2018,-0.2581336072710383,Slight or No Change,326.4442879285712,361.5505073243162,291.33806853282624
2018-08-09,365.549988,367.01001,345.730011,352.450012,352.450012,17183800,8,2018,-0.8551515051098857,Slight Negative,329.8328594999998,365.18413911077045,294.4815798892292
2018-08-08,369.089996,382.640015,367.119995,370.339996,370.339996,24571200,8,2018,5.075892577923913,Among Top Gainers,334.01000314285693,373.75957164110656,294.2604346446073
2018-08-07,343.839996,387.459991,339.149994,379.570007,379.570007,30875800,8,2018,2.4923073661209383,Positive,338.31714728571404,383.83575447519615,292.79854009623193
2018-08-06,345.459991,354.980011,341.820007,341.98999,341.98999,8564300,8,2018,-9.900681378125851,Bear Drop,339.68643178571403,384.34202307146563,295.03084049996244
2018-08-03,347.809998,355.0,342.5299990000001,348.170013,348.170013,13656500,8,2018,1.8070771603578173,Positive,341.6914322857141,385.06089568176793,298.32196888966024
2018-08-02,328.440002,349.98999,323.160004,349.540009,349.540009,23215000,8,2018,0.3934847772200323,Slight or No Change,343.6842889999998,385.62526872335394,301.7433092766457
2018-08-01,297.98999,303.0,293.0,300.839996,300.839996,10129400,8,2018,-13.932600488088909,Bear Drop,342.1800034285712,388.7427698954192,295.61723696172317
2018-07-31,292.25,298.320007,289.070007,298.140015,298.140015,5076900,7,2018,-0.8974807325818457,Slight Negative,341.4442900714283,390.55907404271386,292.3295061001428
2018-07-30,295.899994,296.100006,286.130005,290.170013,290.170013,6814100,7,2018,-2.6732412957046425,Negative,340.3492909999997,393.43883710612926,287.25974489387016
2018-07-27,307.25,307.690002,295.339996,297.179993,297.179993,5703300,7,2018,2.41581820517065,Positive,337.61571821428544,395.5150902484756,279.7163461800953
2018-07-26,304.850006,310.700012,303.640015,306.649994,306.649994,4630500,7,2018,3.1866213147127898,Among Top Gainers,335.3271462142854,395.5306275642321,275.1236648643387
2018-07-25,296.73999,309.619995,294.5,308.73999,308.73999,7075400,7,2018,0.6815574892853116,Slight Positive,332.5485729999997,393.88415901146504,271.21298698853434
2018-07-24,304.420013,307.720001,292.549988,297.429993,297.429993,9590800,7,2018,-3.663275690330869,Among Top Losers,328.33571507142824,390.70471187354303,265.96671826931345
2018-07-23,301.839996,305.5,292.859985,303.200012,303.200012,10992900,7,2018,1.9399586913885882,Positive,324.6007166428568,386.22312556181754,262.9783077238961
2018-07-20,321.230011,323.23999,311.709991,313.579987,313.579987,5162200,7,2018,3.4234744687279277,Among Top Gainers,321.824286285714,381.5138613985733,262.1347111728547
2018-07-19,316.329987,323.540009,314.01001,320.230011,320.230011,5915300,7,2018,2.1206787026239566,Positive,318.24500164285683,371.01054168146965,265.479461604244
2018-07-18,325.0,325.5,316.25,323.850006,323.850006,5624200,7,2018,1.1304358978396989,Positive,314.2650015714282,353.86900830121016,274.6609948416462
2018-07-17,308.809998,324.73999,308.5,322.690002,322.690002,6996200,7,2018,-0.3581917488060915,Slight or No Change,312.8864309999996,349.56906423235046,276.2037977676488
2018-07-16,311.709991,315.160004,306.25,310.100006,310.100006,7818700,7,2018,-3.9015761015118167,Among Top Losers,310.1671447857139,340.7137568255224,279.6205327459054
2018-07-13,315.579987,319.579987,309.25,318.869995,318.869995,5869800,7,2018,2.8281163593399046,Positive,307.9764294999996,329.39452605438544,286.55833294561376
2018-07-12,321.429993,323.230011,312.769989,316.709991,316.709991,5721200,7,2018,-0.6773933056950066,Slight Negative,309.1100005714282,330.5808748768743,287.6391262659821
2018-07-11,315.799988,321.940002,315.070007,318.959991,318.959991,4884100,7,2018,0.7104291193642753,Slight Positive,310.5971417142853,331.6754895278305,289.51879390074015
2018-07-10,324.559998,327.679993,319.200012,322.470001,322.470001,9471500,7,2018,1.1004546335091847,Positive,312.90428371428527,331.24416012925025,294.5644072993203
2018-07-09,311.98999,318.519989,308.0,318.51001,318.51001,7596800,7,2018,-1.2280184165099906,Negative,314.42785635714245,330.55059697001786,298.305115744267
2018-07-06,304.950012,312.070007,302.0,308.899994,308.899994,8865500,7,2018,-3.0171786437732435,Among Top Losers,314.5885706428567,330.41954804674333,298.7575932389701
2018-07-05,313.76001,314.390015,296.220001,309.160004,309.160004,17476400,7,2018,0.08417287311439647,Slight or No Change,314.61857164285675,330.4033290177385,298.833814267975
2018-07-03,331.75,332.48999,309.690002,310.859985,310.859985,12282600,7,2018,0.549870933498875,Slight Positive,315.5778567857139,328.17287269242513,302.98284087900265
2018-07-02,360.070007,364.779999,329.850006,335.070007,335.070007,18759800,7,2018,7.78807925375149,Bull Run,317.8542849999996,332.2096110673345,303.4989589326647
2018-06-29,353.329987,353.859985,342.410004,342.950012,342.950012,6492400,6,2018,2.351748839161249,Positive,319.95214392857105,339.3242628882471,300.580024968895
2018-06-28,348.660004,357.019989,346.109985,349.929993,349.929993,8398000,6,2018,2.0352764997133117,Positive,322.0735712142854,347.22079678292664,296.9263456456441
2018-06-27,345.0,350.790009,339.5,344.5,344.5,8333700,6,2018,-1.5517369498532885,Negative,323.54857078571393,351.4195640063103,295.6775775651176
2018-06-26,336.049988,343.549988,325.799988,342.0,342.0,7452500,6,2018,-0.7256894049346929,Slight Negative,324.9278563571425,354.4765590653442,295.3791536489408
2018-06-25,330.119995,338.470001,327.5,333.01001,333.01001,6931300,6,2018,-2.6286520467836194,Negative,326.5642852142854,355.09564136732433,298.0329290612465
2018-06-22,351.540009,352.25,332.0,333.630005,333.630005,10266100,6,2018,0.18617908813010065,Slight or No Change,327.6185716428568,356.01567571372203,299.2214675719916
2018-06-21,362.0,366.209991,346.269989,347.51001,347.51001,7967100,6,2018,4.160298771688732,Among Top Gainers,329.8185729999997,359.3257952888501,300.31135071114926
2018-06-20,358.040009,364.380005,352.0,362.220001,362.220001,8383700,6,2018,4.232969001382125,Among Top Gainers,332.9085737142854,366.3196166377088,299.497530790862
2018-06-19,365.160004,370.0,346.25,352.549988,352.549988,12761900,6,2018,-2.6696518616596165,Negative,335.0571442142854,369.4313751578426,300.68291327072825
2018-06-18,355.399994,373.730011,354.5,370.829987,370.829987,12073200,6,2018,5.185080023318567,Among Top Gainers,338.79428542857113,376.62191751457976,300.9666533425625
2018-06-15,353.839996,364.670013,351.25,358.170013,358.170013,10848300,6,2018,-3.4139563799623462,Among Top Losers,342.3135724999997,377.21508890100785,307.4120560989915
2018-06-14,347.630005,358.75,346.600006,357.720001,357.720001,10981000,6,2018,-0.12564200900873068,Slight or No Change,345.7821437142853,375.80081293156456,315.7634744970061
2018-06-13,346.709991,347.200012,339.799988,344.7799990000001,344.7799990000001,9469800,6,2018,-3.6173549043459703,Among Top Losers,348.2050018571425,370.5856622774543,325.82434143683076
2018-06-12,344.700012,354.970001,338.0,342.769989,342.769989,22347400,6,2018,-0.5829833533934292,Slight Negative,348.75500057142824,370.0996570269973,327.4103441158592
2018-06-11,322.51001,334.660004,322.5,332.100006,332.100006,13183500,6,2018,-3.1128696625771446,Among Top Losers,347.98000014285674,370.9580087596609,325.00199152605256
2018-06-08,319.0,324.480011,317.149994,317.660004,317.660004,8205200,6,2018,-4.348088448995692,Among Top Losers,345.6750009285711,373.7248535520711,317.62514830507104
2018-06-07,316.149994,330.0,313.579987,316.089996,316.089996,14345300,6,2018,-0.4942416357836543,Slight or No Change,343.64571492857107,375.86286812713695,311.4285617300052
2018-06-06,300.5,322.170013,297.480011,319.5,319.5,18767300,6,2018,1.0788079481009571,Positive,342.0385720714282,376.75707779173007,307.3200663511263
2018-06-05,297.700012,297.799988,286.73999,291.130005,291.130005,5995200,6,2018,-8.879497652582167,Bear Drop,339.0471431428568,383.083330317698,295.01095596801554
2018-06-04,294.339996,299.0,293.549988,296.73999,296.73999,4797800,6,2018,1.9269690185317767,Positive,336.4121420714282,385.9195568393558,286.90472730350064
2018-06-01,285.859985,291.950012,283.839996,291.820007,291.820007,5424400,6,2018,-1.6580114463170317,Negative,332.43428471428535,386.81037484950065,278.05819457907006
2018-05-31,287.209991,290.369995,282.929993,284.730011,284.730011,5919700,5,2018,-2.429578449019776,Negative,326.8992854285711,383.9257816357847,269.8727892213575
2018-05-30,283.290009,295.01001,281.600006,291.720001,291.720001,7489700,5,2018,2.45495372105331,Positive,322.55428635714253,380.4251941537211,264.68337856056394
2018-05-29,278.51001,286.5,276.149994,283.76001,283.76001,5666600,5,2018,-2.728640810610705,Negative,316.3350022857139,370.44976945657953,262.2202351148483
2018-05-25,277.630005,279.640015,275.609985,278.850006,278.850006,3875100,5,2018,-1.7303368434473998,Negative,310.6692874999996,362.4762617052105,258.8623132947887
2018-05-24,278.399994,281.109985,274.890015,277.850006,277.850006,4176700,5,2018,-0.3586157355148112,Slight or No Change,304.9642878571425,351.80462444313747,258.1239512711475
2018-05-23,277.76001,279.910004,274.0,279.070007,279.070007,5985100,5,2018,0.43908618810681865,Slight or No Change,300.2707169999996,342.90462947194584,257.63680452805335
2018-05-22,287.76001,288.0,273.420013,275.01001,275.01001,8945800,5,2018,-1.4548310094821268,Negative,295.4307184999996,332.272672436544,258.58876456345524
2018-05-21,281.329987,291.48999,281.299988,284.48999,284.48999,9182600,5,2018,3.4471399786502044,Among Top Gainers,292.03000307142815,322.5358707563902,261.5241353864661
2018-05-18,284.649994,284.649994,274.0,276.820007,276.820007,7251900,5,2018,-2.696046704490373,Negative,289.112860428571,316.73552011531706,261.490200741825
2018-05-17,285.899994,289.190002,283.970001,284.540009,284.540009,4420600,5,2018,2.7888164889758205,Positive,286.859289928571,309.74248378258864,263.97609607455337
2018-05-16,283.829987,288.809998,281.559998,286.480011,286.480011,5674000,5,2018,0.6818028883945004,Slight Positive,284.50071928571384,297.61183899354535,271.38959957788234
2018-05-15,285.01001,286.959991,280.5,284.179993,284.179993,9519200,5,2018,-0.8028546187119345,Slight Negative,284.0042898571424,296.54818191369,271.4603978005948
2018-05-14,303.320007,304.940002,291.619995,291.970001,291.970001,7286800,5,2018,2.7412232359369293,Positive,283.6635763571424,294.9092837364193,272.4178689778655
2018-05-11,307.700012,308.880005,299.079987,301.059998,301.059998,4679600,5,2018,3.1133325235012994,Among Top Gainers,284.32357571428525,298.3677261420269,270.2794252865436
2018-05-10,307.5,312.98999,304.109985,305.019989,305.019989,5651600,5,2018,1.3153494407450284,Positive,285.77285985714235,303.65963549552225,267.88608421876245
2018-05-09,300.410004,307.01001,300.049988,306.850006,306.850006,5727400,5,2018,0.5999662533592076,Slight Positive,286.8535744999995,307.84676605346743,265.8603829465316
2018-05-08,300.799988,307.75,299.0,301.970001,301.970001,5930000,5,2018,-1.590355191324333,Negative,288.1542881428567,310.53265010110124,265.7759261846121
2018-05-07,297.5,305.959991,295.170013,302.769989,302.769989,8678200,5,2018,0.2649230047192752,Slight or No Change,289.8628583571424,312.8260469434109,266.89966977087386
2018-05-04,283.0,296.859985,279.519989,294.089996,294.089996,8569400,5,2018,-2.866860427173989,Negative,291.02285764285665,312.99117603202,269.0545392536933
2018-05-03,278.790009,288.040009,275.230011,284.450012,284.450012,17352100,5,2018,-3.277902727435844,Among Top Losers,291.40714371428527,312.6510531916899,270.1632342368806
2018-05-02,298.570007,306.850006,297.7799990000001,301.149994,301.149994,8970400,5,2018,5.870972506761563,Among Top Gainers,293.274285428571,312.8386728178441,273.70989803929785
2018-05-01,293.51001,300.820007,293.220001,299.920013,299.920013,4625600,5,2018,-0.4084280340380886,Slight or No Change,294.37642992857093,313.54357175654894,275.2092881005929
2018-04-30,293.609985,298.730011,292.5,293.899994,293.899994,4228200,4,2018,-2.007208168532581,Negative,295.59642899999955,311.9120114139146,279.28084658608446
2018-04-27,285.369995,294.470001,283.829987,294.079987,294.079987,4364600,4,2018,0.0612429410257187,Slight or No Change,296.27785599999953,311.3540585460034,281.2016534539957
2018-04-26,278.75,285.790009,276.5,285.480011,285.480011,4356000,4,2018,-2.924366288141877,Negative,296.2064274285709,311.49063629166784,280.922218565474
2018-04-25,283.5,285.160004,277.25,280.690002,280.690002,4013600,4,2018,-1.67787894613749,Negative,295.9571423571424,312.17182907310814,279.74245564117666
2018-04-24,285.0,287.089996,278.459991,283.459991,283.459991,5685300,4,2018,0.9868498985581952,Slight Positive,295.34928449999956,312.7988675376771,277.899701462322
2018-04-23,291.290009,291.619995,282.329987,283.369995,283.369995,4893400,4,2018,-0.031749101410216696,Slight or No Change,294.0857128571424,312.29918524779526,275.8722404664896
2018-04-20,295.170013,299.980011,289.75,290.23999,290.23999,5627900,4,2018,2.4243904157883693,Positive,293.0299986428567,310.19662196747896,275.86337531823443
2018-04-19,291.079987,301.01001,288.549988,300.079987,300.079987,6090600,4,2018,3.3902967678575373,Among Top Gainers,292.5464258571424,308.36450746540095,276.7283442488839
2018-04-18,291.079987,300.23999,288.160004,293.350006,293.350006,6557700,4,2018,-2.2427290361086367,Negative,291.930711928571,306.8120121749584,277.0494116821836
2018-04-17,288.869995,292.170013,282.51001,287.690002,287.690002,7000000,4,2018,-1.9294371516051732,Negative,290.85356999999954,304.48580523984697,277.2213347601521
2018-04-16,299.0,299.660004,289.01001,291.209991,291.209991,6338500,4,2018,1.2235353941844718,Positive,290.6478553571424,304.1560647788581,277.13964593542676
2018-04-13,303.600006,303.950012,295.980011,300.339996,300.339996,7327200,4,2018,3.135196347023683,Among Top Gainers,291.78285421428524,305.71148891538525,277.8542195131852
2018-04-12,302.320007,303.950012,293.679993,294.079987,294.079987,7608800,4,2018,-2.0843074793141962,Negative,291.27785371428524,304.22134586308135,278.33436156548913
2018-04-11,300.73999,308.980011,299.660004,300.929993,300.929993,7482900,4,2018,2.329300293392622,Positive,291.3499951428567,304.5104192480228,278.1895710376906
2018-04-10,298.970001,307.100006,293.679993,304.700012,304.700012,10989800,4,2018,1.2527893821471014,Positive,292.1214249999996,307.0703480701604,277.1725019298388
2018-04-09,300.369995,309.5,289.209991,289.660004,289.660004,10249800,4,2018,-4.936005056671934,Among Top Losers,291.805711928571,306.76314547987,276.848278377272
2018-04-06,301.0,309.2799990000001,295.5,299.299988,299.299988,13520300,4,2018,3.3280342010904462,Among Top Gainers,292.7928531428567,307.77605473823144,277.80965154748196
2018-04-05,289.339996,306.26001,288.200012,305.720001,305.720001,19121100,4,2018,2.1450094411630927,Positive,294.58071021428526,309.3141902238949,279.8472302046756
2018-04-04,252.77999900000003,288.369995,252.0,286.940002,286.940002,19896700,4,2018,-6.142875486906718,Among Top Losers,294.829282428571,308.85497478786374,280.80359006927824
2018-04-03,269.820007,273.350006,254.490005,267.52999900000003,267.52999900000003,18844400,4,2018,-6.764481377538978,Among Top Losers,293.6978541428567,313.1942359597266,274.20147232598686
2018-04-02,256.26001,260.329987,244.589996,252.479996,252.479996,16114000,4,2018,-5.625538465314329,Among Top Losers,291.00071171428533,320.4597568780328,261.54166655053785
2018-03-29,256.48999,270.959991,248.210007,266.130005,266.130005,15170700,3,2018,5.406372471583842,Among Top Gainers,288.5757129999996,320.3162719181714,256.8351540818278
2018-03-28,264.579987,268.679993,252.100006,257.77999900000003,257.77999900000003,21001400,3,2018,-3.1375665438400873,Among Top Losers,286.03499821428534,321.59410997887073,250.47588644969994
2018-03-27,304.0,304.269989,277.179993,279.179993,279.179993,13872000,3,2018,8.301650276598837,Bull Run,285.4271404285711,321.1549278455228,249.69935301161934
2018-03-26,307.339996,307.589996,291.359985,304.179993,304.179993,8375200,3,2018,8.954796413366207,Bull Run,286.35356914285677,323.3764536089543,249.33068467675923
2018-03-23,311.25,311.25,300.450012,301.540009,301.540009,6654900,3,2018,-0.8679019201634386,Slight Negative,286.43928435714247,323.60693106582835,249.27163764845656
2018-03-22,313.890015,318.820007,308.179993,309.100006,309.100006,4939800,3,2018,2.5071289959403,Positive,287.51214285714246,326.4546013528598,248.56968436142515
2018-03-21,310.25,322.440002,310.190002,316.5299990000001,316.5299990000001,5958400,3,2018,2.4037505195001696,Positive,288.62642899999963,330.0372725879064,247.21558541209288
2018-03-20,314.869995,316.25,308.76001,310.549988,310.549988,4764300,3,2018,-1.8892398884442048,Negative,289.0442844285711,331.26395288987084,246.8246159672713
2018-03-19,316.5,320.75,309.670013,313.559998,313.559998,7484300,3,2018,0.9692513657414858,Slight Positive,290.75142685714246,334.9640833246411,246.53877038964384
2018-03-16,322.929993,327.399994,319.070007,321.350006,321.350006,6117300,3,2018,2.4843755739531566,Positive,292.3264281428568,339.33357347521235,245.31928281050122
2018-03-15,329.380005,332.850006,321.100006,325.600006,325.600006,6564800,3,2018,1.3225454864313813,Positive,293.74642849999964,343.61069546636355,243.88216153363572
2018-03-14,336.76001,339.809998,323.929993,326.630005,326.630005,7967400,3,2018,0.3163387533844153,Slight or No Change,296.5814287142853,349.2149297014032,243.9479277271674
2018-03-13,328.609985,347.209991,326.5,341.839996,341.839996,5965800,3,2018,4.656642306942982,Among Top Gainers,301.8892856428567,356.8392017116549,246.93936957405847
2018-03-12,328.609985,347.209991,326.5,345.51001,345.51001,8264000,3,2018,1.0736057930447849,Positive,308.5342866428567,360.1442388770943,256.92433440861913
2018-03-09,324.100006,328.48999,322.369995,327.170013,327.170013,5506800,3,2018,-5.308094257529628,Among Top Losers,312.89428721428527,359.1034805277623,266.6850939008082
2018-03-08,332.859985,333.299988,326.269989,329.100006,329.100006,3566200,3,2018,0.5899052245964986,Slight Positive,317.98857342857093,352.18892004961634,283.7882268075255
2018-03-07,325.440002,332.5,321.73999,332.299988,332.299988,5007300,3,2018,0.97234334295333,Slight Positive,321.7828587857138,348.3770473192045,295.1886702522231
2018-03-06,333.75,336.369995,327.0299990000001,328.200012,328.200012,4285700,3,2018,-1.2338176792230149,Negative,323.498574428571,348.2351730155229,298.76197584161906
2018-03-05,332.390015,337.75,329.290009,333.350006,333.350006,3823800,3,2018,1.5691632576783745,Positive,325.77071707142807,347.4769233022722,304.0645108405839
2018-03-02,326.980011,335.220001,322.970001,335.119995,335.119995,5092800,3,2018,0.5309701419354385,Slight Positive,327.6292877142852,347.5707745542882,307.68780087428223
2018-03-01,345.01001,348.670013,330.070007,330.929993,330.929993,6885600,3,2018,-1.2502990160285663,Negative,328.6578587142852,347.5933235738796,309.72239385469084
2018-02-28,352.570007,355.23999,342.220001,343.059998,343.059998,6069700,2,2018,3.665429322388425,Among Top Gainers,330.9800022857138,348.2500490023249,313.7099555691027
2018-02-27,356.25,359.98999,350.01001,350.98999,350.98999,4797400,2,2018,2.311546681697352,Positive,333.65357314285666,350.89572625128903,316.4114200344243
2018-02-26,353.5,359.0,352.359985,357.420013,357.420013,4340000,2,2018,1.8319676296181475,Positive,336.23000221428526,356.1276833841756,316.3323210443949
2018-02-23,347.829987,354.98999,347.100006,352.049988,352.049988,5817400,2,2018,-1.5024410510555253,Negative,338.1192866428567,358.68091010776635,317.55766317794706
2018-02-22,335.5299990000001,347.440002,334.75,346.170013,346.170013,6969800,2,2018,-1.6702102543460384,Negative,339.5150014999995,359.3572601427646,319.6727428572345
2018-02-21,336.0299990000001,339.690002,333.170013,333.299988,333.299988,3219600,2,2018,-3.717833583696339,Among Top Losers,338.905000928571,358.9632689324173,318.8467329247247
2018-02-20,334.470001,340.839996,331.5,334.769989,334.769989,4009400,2,2018,0.4410444203196473,Slight or No Change,338.13785657142813,357.92766674722657,318.3480463956297
2018-02-16,332.5,343.119995,331.640015,335.48999,335.48999,5642600,2,2018,0.2150733409977068,Slight or No Change,338.73214064285673,357.58045892774885,319.8838223579646
2018-02-15,324.5,334.119995,322.399994,334.070007,334.070007,5912900,2,2018,-0.4232564435081909,Slight or No Change,339.08714071428534,357.33150931784814,320.84277211072254
2018-02-14,320.839996,326.170013,318.519989,322.309998,322.309998,3950700,2,2018,-3.5202229333925135,Among Top Losers,338.37356999999963,358.4508339497601,318.29630605023914
2018-02-13,315.019989,324.190002,312.51001,323.660004,323.660004,4560200,2,2018,0.4188532804992207,Slight or No Change,338.0492837142853,358.96360854222377,317.13495888634685
2018-02-12,316.130005,318.079987,306.25,315.730011,315.730011,6227800,2,2018,-2.4500997658023937,Negative,336.79071264285676,360.8129453082644,312.76847997744915
2018-02-09,319.929993,320.980011,294.76001,310.420013,310.420013,12933700,2,2018,-1.6818160501061774,Negative,335.0264282142853,362.89708888837725,307.1557675401934
2018-02-08,343.309998,348.619995,314.600006,315.230011,315.230011,10314600,2,2018,1.54951285309044,Positive,333.90500092857104,363.68380379592276,304.1261980612193
2018-02-07,338.98999,346.0,335.660004,345.0,345.0,6969200,2,2018,9.443894287082967,Bull Run,334.04357249999964,364.0232670619083,304.06387793809097
2018-02-06,325.209991,336.220001,323.5,333.970001,333.970001,5088400,2,2018,-3.1971011594203014,Among Top Losers,332.8278589999996,361.18370059523903,304.47201740476015
2018-02-05,337.970001,344.470001,333.0,333.130005,333.130005,4464100,2,2018,-0.25151839910315665,Slight or No Change,331.09285842857105,355.69022396575576,306.49549289138633
2018-02-02,348.440002,351.950012,340.51001,343.75,343.75,3704800,2,2018,3.1879430974703253,Among Top Gainers,330.5000021428568,353.2523817295185,307.74762255619504
2018-02-01,351.0,359.660004,348.630005,349.25,349.25,4197700,2,2018,1.6000000000000014,Positive,330.72000121428533,354.1738223553498,307.2661800732209
2018-01-31,347.51001,356.190002,345.190002,354.309998,354.309998,6214100,1,2018,1.4488183249821152,Positive,332.22071621428535,358.85826743725903,305.58316499131166
2018-01-30,345.140015,348.269989,342.170013,345.820007,345.820007,4717700,1,2018,-2.3962041850142834,Negative,333.01000321428535,360.61037930893605,305.40962711963465
2018-01-29,339.850006,350.850006,338.2799990000001,349.5299990000001,349.5299990000001,4747100,1,2018,1.07281011072331,Positive,334.01286099999965,362.98747729562365,305.03824470437564
2018-01-26,341.5,344.0,335.709991,342.850006,342.850006,4539400,1,2018,-1.911135816413867,Negative,334.6400037857139,363.9974969655314,305.28251060589633
2018-01-25,348.269989,349.200012,336.399994,337.640015,337.640015,6740300,1,2018,-1.519612340330545,Negative,335.7350049999996,364.2426960337158,307.2273139662834
2018-01-24,354.579987,354.75,343.519989,345.890015,345.890015,5287500,1,2018,2.443430764567412,Positive,337.322862928571,365.4065726110484,309.2391532460936
2018-01-23,360.0,360.5,351.0,352.790009,352.790009,5465400,1,2018,1.9948520341068527,Positive,339.9700056428568,366.21228618083285,313.72772510488073
2018-01-22,349.399994,357.829987,349.200012,351.559998,351.559998,6210400,1,2018,-0.3486524472409269,Slight or No Change,342.90857599999964,363.5025953162318,322.3145566837675
2018-01-19,345.0,350.589996,342.600006,350.019989,350.019989,4888300,1,2018,-0.4380501219595545,Slight or No Change,345.39357442857107,358.7108332875296,332.0763155696125
2018-01-18,345.670013,352.299988,343.73999,344.570007,344.570007,5685800,1,2018,-1.5570487890050333,Negative,345.36286064285684,358.6860117161333,332.0397095695804
2018-01-17,340.470001,349.0,339.75,347.160004,347.160004,7103500,1,2018,0.7516606052133891,Slight Positive,346.3050037142854,357.9127101154402,334.69729731313066
2018-01-16,337.540009,345.0,334.799988,340.059998,340.059998,6474300,1,2018,-2.045168198580849,Negative,346.8000032142854,356.4059375634277,337.19406886514315
2018-01-12,338.630005,340.410004,333.670013,336.220001,336.220001,4825100,1,2018,-1.1292116163571952,Negative,346.2621461428568,357.33497194961654,335.18932033609707
2018-01-11,335.23999,344.809998,333.26001,337.950012,337.950012,6645500,1,2018,0.5145473186766392,Slight Positive,345.45500414285686,357.21566726257225,333.6943410231415
2018-01-10,332.200012,337.0,330.0,334.799988,334.799988,4309900,1,2018,-0.9320976144838956,Slight Negative,344.0614319999997,355.9253752626346,332.1974887373648
